Model,Accuracy,Precision,Recall,F1-Score,F2-Score,MCC,ROC-AUC,PR-AUC,TP,TN,FP,FN,FAR,FNR
Logistic Regression,0.9685,0.998521,0.84375,0.914634,0.870743,0.900262,0.973421,0.956994,675,3199,1,125,0.000312,0.15625
Random Forest,0.9745,0.995739,0.87625,0.932181,0.897797,0.919397,0.994388,0.98583,701,3197,3,99,0.000938,0.12375
MLP (Deep Baseline),0.981,0.981383,0.9225,0.951031,0.933704,0.93995,0.991236,0.981849,738,3186,14,62,0.004375,0.0775
